"metric","value"
"n",36585
"min",0
"p01",0.1942369411838
"p25",0.587036517241881
"median",0.729410506061292
"mean",0.690016643951226
"p75",0.833386290057775
"p99",0.925735685740887
"max",1
